tag,fy,fp,end,val,unit
CashAndCashEquivalentsAtCarryingValue,2009,FY,2006-12-31,28244000000,USD
CashAndCashEquivalentsAtCarryingValue,2009,Q2,2007-12-31,33981000000,USD
CashAndCashEquivalentsAtCarryingValue,2009,Q3,2007-12-31,33981000000,USD
CashAndCashEquivalentsAtCarryingValue,2009,FY,2007-12-31,33981000000,USD
CashAndCashEquivalentsAtCarryingValue,2010,FY,2007-12-31,33981000000,USD
CashAndCashEquivalentsAtCarryingValue,2010,FY,2007-12-31,33981000000,USD
CashAndCashEquivalentsAtCarryingValue,2009,Q2,2008-06-30,38968000000,USD
CashAndCashEquivalentsAtCarryingValue,2009,Q3,2008-09-30,36674000000,USD
CashAndCashEquivalentsAtCarryingValue,2009,Q2,2008-12-31,31437000000,USD
CashAndCashEquivalentsAtCarryingValue,2009,Q3,2008-12-31,31437000000,USD
CashAndCashEquivalentsAtCarryingValue,2009,FY,2008-12-31,31437000000,USD
CashAndCashEquivalentsAtCarryingValue,2010,Q1,2008-12-31,31437000000,USD
CashAndCashEquivalentsAtCarryingValue,2010,Q2,2008-12-31,31437000000,USD
CashAndCashEquivalentsAtCarryingValue,2010,Q3,2008-12-31,31437000000,USD
CashAndCashEquivalentsAtCarryingValue,2010,FY,2008-12-31,31437000000,USD
CashAndCashEquivalentsAtCarryingValue,2010,FY,2008-12-31,31437000000,USD
CashAndCashEquivalentsAtCarryingValue,2011,FY,2008-12-31,31437000000,USD
CashAndCashEquivalentsAtCarryingValue,2010,Q1,2009-03-31,24972000000,USD
CashAndCashEquivalentsAtCarryingValue,2009,Q2,2009-06-30,15576000000,USD
CashAndCashEquivalentsAtCarryingValue,2010,Q2,2009-06-30,15576000000,USD
CashAndCashEquivalentsAtCarryingValue,2009,Q3,2009-09-30,12472000000,USD
CashAndCashEquivalentsAtCarryingValue,2010,Q3,2009-09-30,12472000000,USD
CashAndCashEquivalentsAtCarryingValue,2009,FY,2009-12-31,10693000000,USD
CashAndCashEquivalentsAtCarryingValue,2010,Q1,2009-12-31,10693000000,USD
CashAndCashEquivalentsAtCarryingValue,2010,Q2,2009-12-31,10693000000,USD
CashAndCashEquivalentsAtCarryingValue,2010,Q3,2009-12-31,10693000000,USD
CashAndCashEquivalentsAtCarryingValue,2010,FY,2009-12-31,10693000000,USD
CashAndCashEquivalentsAtCarryingValue,2010,FY,2009-12-31,10693000000,USD
CashAndCashEquivalentsAtCarryingValue,2011,Q1,2009-12-31,10693000000,USD
CashAndCashEquivalentsAtCarryingValue,2011,Q2,2009-12-31,10693000000,USD
CashAndCashEquivalentsAtCarryingValue,2011,Q3,2009-12-31,10693000000,USD
CashAndCashEquivalentsAtCarryingValue,2011,FY,2009-12-31,10693000000,USD
CashAndCashEquivalentsAtCarryingValue,2012,FY,2009-12-31,10693000000,USD
CashAndCashEquivalentsAtCarryingValue,2010,Q1,2010-03-31,13742000000,USD
CashAndCashEquivalentsAtCarryingValue,2011,Q1,2010-03-31,13742000000,USD
CashAndCashEquivalentsAtCarryingValue,2010,Q2,2010-06-30,13252000000,USD
CashAndCashEquivalentsAtCarryingValue,2011,Q2,2010-06-30,13252000000,USD
CashAndCashEquivalentsAtCarryingValue,2010,Q3,2010-09-30,12244000000,USD
CashAndCashEquivalentsAtCarryingValue,2011,Q3,2010-09-30,12244000000,USD
CashAndCashEquivalentsAtCarryingValue,2010,FY,2010-12-31,7825000000,USD
CashAndCashEquivalentsAtCarryingValue,2010,FY,2010-12-31,7825000000,USD
CashAndCashEquivalentsAtCarryingValue,2011,Q1,2010-12-31,7825000000,USD
CashAndCashEquivalentsAtCarryingValue,2011,Q2,2010-12-31,7825000000,USD
CashAndCashEquivalentsAtCarryingValue,2011,Q3,2010-12-31,7825000000,USD
CashAndCashEquivalentsAtCarryingValue,2011,FY,2010-12-31,7825000000,USD
CashAndCashEquivalentsAtCarryingValue,2012,Q1,2010-12-31,7825000000,USD
CashAndCashEquivalentsAtCarryingValue,2012,Q2,2010-12-31,7825000000,USD
CashAndCashEquivalentsAtCarryingValue,2012,Q3,2010-12-31,7825000000,USD
CashAndCashEquivalentsAtCarryingValue,2012,FY,2010-12-31,7825000000,USD
CashAndCashEquivalentsAtCarryingValue,2013,FY,2010-12-31,7825000000,USD
CashAndCashEquivalentsAtCarryingValue,2011,Q1,2011-03-31,12833000000,USD
CashAndCashEquivalentsAtCarryingValue,2012,Q1,2011-03-31,12833000000,USD
CashAndCashEquivalentsAtCarryingValue,2011,Q2,2011-06-30,8287000000,USD
CashAndCashEquivalentsAtCarryingValue,2012,Q2,2011-06-30,8287000000,USD
CashAndCashEquivalentsAtCarryingValue,2011,Q3,2011-09-30,11022000000,USD
CashAndCashEquivalentsAtCarryingValue,2012,Q3,2011-09-30,11022000000,USD
CashAndCashEquivalentsAtCarryingValue,2011,FY,2011-12-31,12664000000,USD
CashAndCashEquivalentsAtCarryingValue,2012,Q1,2011-12-31,12664000000,USD
CashAndCashEquivalentsAtCarryingValue,2012,Q2,2011-12-31,12664000000,USD
CashAndCashEquivalentsAtCarryingValue,2012,Q3,2011-12-31,12664000000,USD
CashAndCashEquivalentsAtCarryingValue,2012,FY,2011-12-31,12664000000,USD
CashAndCashEquivalentsAtCarryingValue,2013,Q1,2011-12-31,12664000000,USD
CashAndCashEquivalentsAtCarryingValue,2013,Q2,2011-12-31,12664000000,USD
CashAndCashEquivalentsAtCarryingValue,2013,Q3,2011-12-31,12664000000,USD
CashAndCashEquivalentsAtCarryingValue,2013,FY,2011-12-31,12664000000,USD
CashAndCashEquivalentsAtCarryingValue,2014,FY,2011-12-31,12664000000,USD
CashAndCashEquivalentsAtCarryingValue,2012,Q1,2012-03-31,18670000000,USD
CashAndCashEquivalentsAtCarryingValue,2013,Q1,2012-03-31,18670000000,USD
CashAndCashEquivalentsAtCarryingValue,2012,Q2,2012-06-30,17802000000,USD
CashAndCashEquivalentsAtCarryingValue,2013,Q2,2012-06-30,17802000000,USD
CashAndCashEquivalentsAtCarryingValue,2012,Q3,2012-09-30,13055000000,USD
CashAndCashEquivalentsAtCarryingValue,2013,Q3,2012-09-30,13055000000,USD
CashAndCashEquivalentsAtCarryingValue,2012,FY,2012-12-31,9582000000,USD
CashAndCashEquivalentsAtCarryingValue,2013,Q1,2012-12-31,9582000000,USD
CashAndCashEquivalentsAtCarryingValue,2013,Q2,2012-12-31,9582000000,USD
CashAndCashEquivalentsAtCarryingValue,2013,Q3,2012-12-31,9582000000,USD
CashAndCashEquivalentsAtCarryingValue,2013,FY,2012-12-31,9582000000,USD
CashAndCashEquivalentsAtCarryingValue,2014,Q1,2012-12-31,9582000000,USD
CashAndCashEquivalentsAtCarryingValue,2014,Q2,2012-12-31,9582000000,USD
CashAndCashEquivalentsAtCarryingValue,2014,Q3,2012-12-31,9582000000,USD
CashAndCashEquivalentsAtCarryingValue,2014,FY,2012-12-31,9582000000,USD
CashAndCashEquivalentsAtCarryingValue,2015,FY,2012-12-31,9582000000,USD
CashAndCashEquivalentsAtCarryingValue,2013,Q1,2013-03-31,6214000000,USD
CashAndCashEquivalentsAtCarryingValue,2014,Q1,2013-03-31,6214000000,USD
CashAndCashEquivalentsAtCarryingValue,2013,Q2,2013-06-30,4609000000,USD
CashAndCashEquivalentsAtCarryingValue,2014,Q2,2013-06-30,4609000000,USD
CashAndCashEquivalentsAtCarryingValue,2013,Q3,2013-09-30,5310000000,USD
CashAndCashEquivalentsAtCarryingValue,2014,Q3,2013-09-30,5310000000,USD
CashAndCashEquivalentsAtCarryingValue,2013,FY,2013-12-31,4644000000,USD
CashAndCashEquivalentsAtCarryingValue,2014,Q1,2013-12-31,4644000000,USD
CashAndCashEquivalentsAtCarryingValue,2014,Q2,2013-12-31,4644000000,USD
CashAndCashEquivalentsAtCarryingValue,2014,Q3,2013-12-31,4644000000,USD
CashAndCashEquivalentsAtCarryingValue,2014,FY,2013-12-31,4644000000,USD
CashAndCashEquivalentsAtCarryingValue,2015,Q1,2013-12-31,4644000000,USD
CashAndCashEquivalentsAtCarryingValue,2015,Q2,2013-12-31,4644000000,USD
CashAndCashEquivalentsAtCarryingValue,2015,Q3,2013-12-31,4644000000,USD
CashAndCashEquivalentsAtCarryingValue,2015,FY,2013-12-31,4644000000,USD
CashAndCashEquivalentsAtCarryingValue,2016,FY,2013-12-31,4644000000,USD
CashAndCashEquivalentsAtCarryingValue,2014,Q1,2014-03-31,5601000000,USD
CashAndCashEquivalentsAtCarryingValue,2015,Q1,2014-03-31,5601000000,USD
CashAndCashEquivalentsAtCarryingValue,2014,Q2,2014-06-30,6083000000,USD
CashAndCashEquivalentsAtCarryingValue,2015,Q2,2014-06-30,6083000000,USD
CashAndCashEquivalentsAtCarryingValue,2014,Q3,2014-09-30,4962000000,USD
CashAndCashEquivalentsAtCarryingValue,2015,Q3,2014-09-30,4962000000,USD
CashAndCashEquivalentsAtCarryingValue,2014,FY,2014-12-31,4616000000,USD
CashAndCashEquivalentsAtCarryingValue,2015,Q1,2014-12-31,4616000000,USD
CashAndCashEquivalentsAtCarryingValue,2015,Q2,2014-12-31,4616000000,USD
CashAndCashEquivalentsAtCarryingValue,2015,Q3,2014-12-31,4616000000,USD
CashAndCashEquivalentsAtCarryingValue,2015,FY,2014-12-31,4616000000,USD
CashAndCashEquivalentsAtCarryingValue,2016,Q1,2014-12-31,4616000000,USD
CashAndCashEquivalentsAtCarryingValue,2016,Q2,2014-12-31,4616000000,USD
CashAndCashEquivalentsAtCarryingValue,2016,Q3,2014-12-31,4616000000,USD
CashAndCashEquivalentsAtCarryingValue,2016,FY,2014-12-31,4616000000,USD
CashAndCashEquivalentsAtCarryingValue,2017,FY,2014-12-31,4616000000,USD
CashAndCashEquivalentsAtCarryingValue,2015,Q1,2015-03-31,5184000000,USD
CashAndCashEquivalentsAtCarryingValue,2016,Q1,2015-03-31,5184000000,USD
CashAndCashEquivalentsAtCarryingValue,2015,Q2,2015-06-30,4343000000,USD
CashAndCashEquivalentsAtCarryingValue,2016,Q2,2015-06-30,4343000000,USD
CashAndCashEquivalentsAtCarryingValue,2015,Q3,2015-09-30,4296000000,USD
CashAndCashEquivalentsAtCarryingValue,2016,Q3,2015-09-30,4296000000,USD
CashAndCashEquivalentsAtCarryingValue,2015,FY,2015-12-31,3705000000,USD
CashAndCashEquivalentsAtCarryingValue,2016,Q1,2015-12-31,3705000000,USD
CashAndCashEquivalentsAtCarryingValue,2016,Q2,2015-12-31,3705000000,USD
CashAndCashEquivalentsAtCarryingValue,2016,Q3,2015-12-31,3705000000,USD
CashAndCashEquivalentsAtCarryingValue,2016,FY,2015-12-31,3705000000,USD
CashAndCashEquivalentsAtCarryingValue,2017,Q1,2015-12-31,3705000000,USD
CashAndCashEquivalentsAtCarryingValue,2017,Q2,2015-12-31,3705000000,USD
CashAndCashEquivalentsAtCarryingValue,2017,Q3,2015-12-31,3705000000,USD
CashAndCashEquivalentsAtCarryingValue,2017,FY,2015-12-31,3705000000,USD
CashAndCashEquivalentsAtCarryingValue,2018,FY,2015-12-31,3705000000,USD
CashAndCashEquivalentsAtCarryingValue,2016,Q1,2016-03-31,4846000000,USD
CashAndCashEquivalentsAtCarryingValue,2017,Q1,2016-03-31,4846000000,USD
CashAndCashEquivalentsAtCarryingValue,2016,Q2,2016-06-30,4358000000,USD
CashAndCashEquivalentsAtCarryingValue,2017,Q2,2016-06-30,4358000000,USD
CashAndCashEquivalentsAtCarryingValue,2016,Q3,2016-09-30,5093000000,USD
CashAndCashEquivalentsAtCarryingValue,2017,Q3,2016-09-30,5093000000,USD
CashAndCashEquivalentsAtCarryingValue,2016,FY,2016-12-31,3657000000,USD
CashAndCashEquivalentsAtCarryingValue,2017,Q1,2016-12-31,3657000000,USD
CashAndCashEquivalentsAtCarryingValue,2017,Q2,2016-12-31,3657000000,USD
CashAndCashEquivalentsAtCarryingValue,2017,Q3,2016-12-31,3657000000,USD
CashAndCashEquivalentsAtCarryingValue,2017,FY,2016-12-31,3657000000,USD
CashAndCashEquivalentsAtCarryingValue,2018,Q1,2016-12-31,3657000000,USD
CashAndCashEquivalentsAtCarryingValue,2018,Q2,2016-12-31,3657000000,USD
CashAndCashEquivalentsAtCarryingValue,2018,Q3,2016-12-31,3657000000,USD
CashAndCashEquivalentsAtCarryingValue,2018,FY,2016-12-31,3657000000,USD
CashAndCashEquivalentsAtCarryingValue,2017,Q1,2017-03-31,4897000000,USD
CashAndCashEquivalentsAtCarryingValue,2018,Q1,2017-03-31,4897000000,USD
CashAndCashEquivalentsAtCarryingValue,2017,Q2,2017-06-30,4042000000,USD
CashAndCashEquivalentsAtCarryingValue,2018,Q2,2017-06-30,4042000000,USD
CashAndCashEquivalentsAtCarryingValue,2017,Q3,2017-09-30,4266000000,USD
CashAndCashEquivalentsAtCarryingValue,2018,Q3,2017-09-30,4266000000,USD
CashAndCashEquivalentsAtCarryingValue,2017,FY,2017-12-31,3177000000,USD
CashAndCashEquivalentsAtCarryingValue,2018,Q1,2017-12-31,3177000000,USD
CashAndCashEquivalentsAtCarryingValue,2018,Q2,2017-12-31,3177000000,USD
CashAndCashEquivalentsAtCarryingValue,2018,Q3,2017-12-31,3177000000,USD
CashAndCashEquivalentsAtCarryingValue,2018,FY,2017-12-31,3177000000,USD
CashAndCashEquivalentsAtCarryingValue,2019,Q1,2017-12-31,3177000000,USD
CashAndCashEquivalentsAtCarryingValue,2019,Q2,2017-12-31,3177000000,USD
CashAndCashEquivalentsAtCarryingValue,2018,Q1,2018-03-31,4125000000,USD
CashAndCashEquivalentsAtCarryingValue,2019,Q1,2018-03-31,4125000000,USD
CashAndCashEquivalentsAtCarryingValue,2018,Q2,2018-06-30,3430000000,USD
CashAndCashEquivalentsAtCarryingValue,2019,Q2,2018-06-30,3430000000,USD
CashAndCashEquivalentsAtCarryingValue,2018,Q3,2018-09-30,5669000000,USD
CashAndCashEquivalentsAtCarryingValue,2018,FY,2018-12-31,3042000000,USD
CashAndCashEquivalentsAtCarryingValue,2019,Q1,2018-12-31,3042000000,USD
CashAndCashEquivalentsAtCarryingValue,2019,Q2,2018-12-31,3042000000,USD
CashAndCashEquivalentsAtCarryingValue,2019,Q3,2018-12-31,3042000000,USD
CashAndCashEquivalentsAtCarryingValue,2019,FY,2018-12-31,3042000000,USD
CashAndCashEquivalentsAtCarryingValue,2019,Q1,2019-03-31,4586000000,USD
CashAndCashEquivalentsAtCarryingValue,2019,Q2,2019-06-30,4213000000,USD
CashAndCashEquivalentsAtCarryingValue,2019,Q3,2019-09-30,5351000000,USD
CashAndCashEquivalentsAtCarryingValue,2019,FY,2019-12-31,3089000000,USD
CashAndCashEquivalentsAtCarryingValue,2020,Q1,2019-12-31,3089000000,USD
CashAndCashEquivalentsAtCarryingValue,2020,Q2,2019-12-31,3089000000,USD
CashAndCashEquivalentsAtCarryingValue,2020,Q3,2019-12-31,3089000000,USD
CashAndCashEquivalentsAtCarryingValue,2020,FY,2019-12-31,3089000000,USD
CashAndCashEquivalentsAtCarryingValue,2020,Q1,2020-03-31,11412000000,USD
CashAndCashEquivalentsAtCarryingValue,2020,Q2,2020-06-30,12576000000,USD
CashAndCashEquivalentsAtCarryingValue,2020,Q3,2020-09-30,8832000000,USD
CashAndCashEquivalentsAtCarryingValue,2020,FY,2020-12-31,4364000000,USD
CashAndCashEquivalentsAtCarryingValue,2021,Q1,2020-12-31,4364000000,USD
CashAndCashEquivalentsAtCarryingValue,2021,Q2,2020-12-31,4364000000,USD
CashAndCashEquivalentsAtCarryingValue,2021,Q3,2020-12-31,4364000000,USD
CashAndCashEquivalentsAtCarryingValue,2021,FY,2020-12-31,4364000000,USD
CashAndCashEquivalentsAtCarryingValue,2021,Q1,2021-03-31,3515000000,USD
CashAndCashEquivalentsAtCarryingValue,2021,Q2,2021-06-30,3465000000,USD
CashAndCashEquivalentsAtCarryingValue,2021,Q3,2021-09-30,4768000000,USD
CashAndCashEquivalentsAtCarryingValue,2021,FY,2021-12-31,6802000000,USD
CashAndCashEquivalentsAtCarryingValue,2022,Q1,2021-12-31,6802000000,USD
CashAndCashEquivalentsAtCarryingValue,2022,Q2,2021-12-31,6802000000,USD
CashAndCashEquivalentsAtCarryingValue,2022,Q3,2021-12-31,6802000000,USD
CashAndCashEquivalentsAtCarryingValue,2022,FY,2021-12-31,6802000000,USD
CashAndCashEquivalentsAtCarryingValue,2022,Q1,2022-03-31,11074000000,USD
CashAndCashEquivalentsAtCarryingValue,2022,Q2,2022-06-30,18861000000,USD
CashAndCashEquivalentsAtCarryingValue,2022,Q3,2022-09-30,30407000000,USD
CashAndCashEquivalentsAtCarryingValue,2022,FY,2022-12-31,29640000000,USD
CashAndCashEquivalentsAtCarryingValue,2023,Q1,2022-12-31,29640000000,USD
CashAndCashEquivalentsAtCarryingValue,2023,Q2,2022-12-31,29640000000,USD
CashAndCashEquivalentsAtCarryingValue,2023,Q3,2022-12-31,29640000000,USD
CashAndCashEquivalentsAtCarryingValue,2023,FY,2022-12-31,29640000000,USD
CashAndCashEquivalentsAtCarryingValue,2023,Q1,2023-03-31,32651000000,USD
CashAndCashEquivalentsAtCarryingValue,2023,Q2,2023-06-30,29528000000,USD
CashAndCashEquivalentsAtCarryingValue,2023,Q3,2023-09-30,32944000000,USD
CashAndCashEquivalentsAtCarryingValue,2023,FY,2023-12-31,31539000000,USD
CashAndCashEquivalentsAtCarryingValue,2024,Q1,2023-12-31,31539000000,USD
CashAndCashEquivalentsAtCarryingValue,2024,Q2,2023-12-31,31539000000,USD
CashAndCashEquivalentsAtCarryingValue,2024,Q3,2023-12-31,31539000000,USD
CashAndCashEquivalentsAtCarryingValue,2024,FY,2023-12-31,31539000000,USD
CashAndCashEquivalentsAtCarryingValue,2024,Q1,2024-03-31,33320000000,USD
CashAndCashEquivalentsAtCarryingValue,2024,Q2,2024-06-30,26460000000,USD
CashAndCashEquivalentsAtCarryingValue,2024,Q3,2024-09-30,26926000000,USD
CashAndCashEquivalentsAtCarryingValue,2024,FY,2024-12-31,23029000000,USD
CashAndCashEquivalentsAtCarryingValue,2025,Q1,2024-12-31,23029000000,USD
CashAndCashEquivalentsAtCarryingValue,2025,Q2,2024-12-31,23029000000,USD
CashAndCashEquivalentsAtCarryingValue,2025,Q3,2024-12-31,23029000000,USD
CashAndCashEquivalentsAtCarryingValue,2025,Q1,2025-03-31,17036000000,USD
CashAndCashEquivalentsAtCarryingValue,2025,Q2,2025-06-30,14352000000,USD
CashAndCashEquivalentsAtCarryingValue,2025,Q3,2025-09-30,13814000000,USD
DepreciationDepletionAndAmortization,2009,FY,2007-12-31,12250000000,USD
DepreciationDepletionAndAmortization,2009,Q3,2008-09-30,9202000000,USD
DepreciationDepletionAndAmortization,2009,Q3,2008-09-30,3008000000,USD
DepreciationDepletionAndAmortization,2009,FY,2008-12-31,12379000000,USD
DepreciationDepletionAndAmortization,2010,FY,2008-12-31,12379000000,USD
DepreciationDepletionAndAmortization,2010,FY,2008-12-31,12379000000,USD
DepreciationDepletionAndAmortization,2010,Q1,2009-03-31,2793000000,USD
DepreciationDepletionAndAmortization,2010,Q2,2009-06-30,5797000000,USD
DepreciationDepletionAndAmortization,2010,Q2,2009-06-30,3004000000,USD
DepreciationDepletionAndAmortization,2009,Q3,2009-09-30,8724000000,USD
DepreciationDepletionAndAmortization,2010,Q3,2009-09-30,8724000000,USD
DepreciationDepletionAndAmortization,2009,Q3,2009-09-30,2927000000,USD
DepreciationDepletionAndAmortization,2010,Q3,2009-09-30,2927000000,USD
DepreciationDepletionAndAmortization,2009,FY,2009-12-31,11917000000,USD
DepreciationDepletionAndAmortization,2010,FY,2009-12-31,11917000000,USD
DepreciationDepletionAndAmortization,2010,FY,2009-12-31,11917000000,USD
DepreciationDepletionAndAmortization,2011,FY,2009-12-31,11917000000,USD
DepreciationDepletionAndAmortization,2010,Q1,2010-03-31,3280000000,USD
DepreciationDepletionAndAmortization,2011,Q1,2010-03-31,3280000000,USD
DepreciationDepletionAndAmortization,2010,Q2,2010-06-30,6646000000,USD
DepreciationDepletionAndAmortization,2011,Q2,2010-06-30,6646000000,USD
DepreciationDepletionAndAmortization,2010,Q2,2010-06-30,3366000000,USD
DepreciationDepletionAndAmortization,2011,Q2,2010-06-30,3366000000,USD
DepreciationDepletionAndAmortization,2010,Q3,2010-09-30,10490000000,USD
DepreciationDepletionAndAmortization,2011,Q3,2010-09-30,10490000000,USD
DepreciationDepletionAndAmortization,2010,Q3,2010-09-30,3844000000,USD
DepreciationDepletionAndAmortization,2011,Q3,2010-09-30,3844000000,USD
DepreciationDepletionAndAmortization,2010,FY,2010-12-31,14760000000,USD
DepreciationDepletionAndAmortization,2010,FY,2010-12-31,14760000000,USD
DepreciationDepletionAndAmortization,2011,FY,2010-12-31,14760000000,USD
DepreciationDepletionAndAmortization,2012,FY,2010-12-31,14760000000,USD
DepreciationDepletionAndAmortization,2011,Q1,2011-03-31,3761000000,USD
DepreciationDepletionAndAmortization,2012,Q1,2011-03-31,3761000000,USD
DepreciationDepletionAndAmortization,2011,Q2,2011-06-30,7642000000,USD
DepreciationDepletionAndAmortization,2012,Q2,2011-06-30,7642000000,USD
DepreciationDepletionAndAmortization,2011,Q2,2011-06-30,3881000000,USD
DepreciationDepletionAndAmortization,2012,Q2,2011-06-30,3881000000,USD
DepreciationDepletionAndAmortization,2011,Q3,2011-09-30,11508000000,USD
DepreciationDepletionAndAmortization,2012,Q3,2011-09-30,11508000000,USD
DepreciationDepletionAndAmortization,2011,Q3,2011-09-30,3866000000,USD
DepreciationDepletionAndAmortization,2012,Q3,2011-09-30,3866000000,USD
DepreciationDepletionAndAmortization,2011,FY,2011-12-31,15583000000,USD
DepreciationDepletionAndAmortization,2012,FY,2011-12-31,15583000000,USD
DepreciationDepletionAndAmortization,2013,FY,2011-12-31,15583000000,USD
DepreciationDepletionAndAmortization,2012,Q1,2012-03-31,3842000000,USD
DepreciationDepletionAndAmortization,2013,Q1,2012-03-31,3842000000,USD
DepreciationDepletionAndAmortization,2012,Q2,2012-06-30,7741000000,USD
DepreciationDepletionAndAmortization,2013,Q2,2012-06-30,7741000000,USD
DepreciationDepletionAndAmortization,2012,Q2,2012-06-30,3899000000,USD
DepreciationDepletionAndAmortization,2013,Q2,2012-06-30,3899000000,USD
DepreciationDepletionAndAmortization,2012,Q3,2012-09-30,11778000000,USD
DepreciationDepletionAndAmortization,2013,Q3,2012-09-30,11778000000,USD
DepreciationDepletionAndAmortization,2012,Q3,2012-09-30,4037000000,USD
DepreciationDepletionAndAmortization,2013,Q3,2012-09-30,4037000000,USD
DepreciationDepletionAndAmortization,2012,FY,2012-12-31,15888000000,USD
DepreciationDepletionAndAmortization,2013,FY,2012-12-31,15888000000,USD
DepreciationDepletionAndAmortization,2014,FY,2012-12-31,15888000000,USD
DepreciationDepletionAndAmortization,2013,Q1,2013-03-31,4110000000,USD
DepreciationDepletionAndAmortization,2014,Q1,2013-03-31,4110000000,USD
DepreciationDepletionAndAmortization,2013,Q2,2013-06-30,8515000000,USD
DepreciationDepletionAndAmortization,2014,Q2,2013-06-30,8515000000,USD
DepreciationDepletionAndAmortization,2013,Q2,2013-06-30,4405000000,USD
DepreciationDepletionAndAmortization,2014,Q2,2013-06-30,4405000000,USD
DepreciationDepletionAndAmortization,2013,Q3,2013-09-30,12802000000,USD
DepreciationDepletionAndAmortization,2014,Q3,2013-09-30,12802000000,USD
DepreciationDepletionAndAmortization,2013,Q3,2013-09-30,4287000000,USD
DepreciationDepletionAndAmortization,2014,Q3,2013-09-30,4287000000,USD
DepreciationDepletionAndAmortization,2013,FY,2013-12-31,17182000000,USD
DepreciationDepletionAndAmortization,2014,FY,2013-12-31,17182000000,USD
DepreciationDepletionAndAmortization,2015,FY,2013-12-31,17182000000,USD
DepreciationDepletionAndAmortization,2014,Q1,2014-03-31,4192000000,USD
DepreciationDepletionAndAmortization,2015,Q1,2014-03-31,4192000000,USD
DepreciationDepletionAndAmortization,2014,Q2,2014-06-30,8477000000,USD
DepreciationDepletionAndAmortization,2015,Q2,2014-06-30,8477000000,USD
DepreciationDepletionAndAmortization,2014,Q2,2014-06-30,4285000000,USD
DepreciationDepletionAndAmortization,2015,Q2,2014-06-30,4285000000,USD
DepreciationDepletionAndAmortization,2014,Q3,2014-09-30,12839000000,USD
DepreciationDepletionAndAmortization,2015,Q3,2014-09-30,12839000000,USD
DepreciationDepletionAndAmortization,2014,Q3,2014-09-30,4362000000,USD
DepreciationDepletionAndAmortization,2015,Q3,2014-09-30,4362000000,USD
DepreciationDepletionAndAmortization,2014,FY,2014-12-31,17297000000,USD
DepreciationDepletionAndAmortization,2015,FY,2014-12-31,17297000000,USD
DepreciationDepletionAndAmortization,2016,FY,2014-12-31,17297000000,USD
DepreciationDepletionAndAmortization,2015,Q1,2015-03-31,4300000000,USD
DepreciationDepletionAndAmortization,2016,Q1,2015-03-31,4300000000,USD
DepreciationDepletionAndAmortization,2015,Q2,2015-06-30,8751000000,USD
DepreciationDepletionAndAmortization,2016,Q2,2015-06-30,8751000000,USD
DepreciationDepletionAndAmortization,2015,Q2,2015-06-30,4451000000,USD
DepreciationDepletionAndAmortization,2016,Q2,2015-06-30,4451000000,USD
DepreciationDepletionAndAmortization,2015,Q3,2015-09-30,13293000000,USD
DepreciationDepletionAndAmortization,2016,Q3,2015-09-30,13293000000,USD
DepreciationDepletionAndAmortization,2015,Q3,2015-09-30,4542000000,USD
DepreciationDepletionAndAmortization,2016,Q3,2015-09-30,4542000000,USD
DepreciationDepletionAndAmortization,2015,FY,2015-12-31,18048000000,USD
DepreciationDepletionAndAmortization,2016,FY,2015-12-31,18048000000,USD
DepreciationDepletionAndAmortization,2017,FY,2015-12-31,18048000000,USD
DepreciationDepletionAndAmortization,2016,Q1,2016-03-31,4765000000,USD
DepreciationDepletionAndAmortization,2017,Q1,2016-03-31,4765000000,USD
DepreciationDepletionAndAmortization,2016,Q2,2016-06-30,9586000000,USD
DepreciationDepletionAndAmortization,2017,Q2,2016-06-30,9586000000,USD
DepreciationDepletionAndAmortization,2016,Q2,2016-06-30,4821000000,USD
DepreciationDepletionAndAmortization,2017,Q2,2016-06-30,4821000000,USD
DepreciationDepletionAndAmortization,2016,Q3,2016-09-30,14191000000,USD
DepreciationDepletionAndAmortization,2017,Q3,2016-09-30,14191000000,USD
DepreciationDepletionAndAmortization,2016,Q3,2016-09-30,4605000000,USD
DepreciationDepletionAndAmortization,2017,Q3,2016-09-30,4605000000,USD
DepreciationDepletionAndAmortization,2016,FY,2016-12-31,22308000000,USD
DepreciationDepletionAndAmortization,2017,FY,2016-12-31,22308000000,USD
DepreciationDepletionAndAmortization,2018,FY,2016-12-31,22308000000,USD
DepreciationDepletionAndAmortization,2017,Q1,2017-03-31,4519000000,USD
DepreciationDepletionAndAmortization,2018,Q1,2017-03-31,4519000000,USD
DepreciationDepletionAndAmortization,2017,Q2,2017-06-30,9171000000,USD
DepreciationDepletionAndAmortization,2018,Q2,2017-06-30,9171000000,USD
DepreciationDepletionAndAmortization,2017,Q2,2017-06-30,4652000000,USD
DepreciationDepletionAndAmortization,2018,Q2,2017-06-30,4652000000,USD
DepreciationDepletionAndAmortization,2017,Q3,2017-09-30,14051000000,USD
DepreciationDepletionAndAmortization,2018,Q3,2017-09-30,14051000000,USD
DepreciationDepletionAndAmortization,2017,Q3,2017-09-30,4880000000,USD
DepreciationDepletionAndAmortization,2018,Q3,2017-09-30,4880000000,USD
DepreciationDepletionAndAmortization,2017,FY,2017-12-31,19893000000,USD
DepreciationDepletionAndAmortization,2018,FY,2017-12-31,19893000000,USD
DepreciationDepletionAndAmortization,2019,FY,2017-12-31,19893000000,USD
DepreciationDepletionAndAmortization,2018,Q1,2018-03-31,4470000000,USD
DepreciationDepletionAndAmortization,2019,Q1,2018-03-31,4470000000,USD
DepreciationDepletionAndAmortization,2018,Q2,2018-06-30,9059000000,USD
DepreciationDepletionAndAmortization,2019,Q2,2018-06-30,9059000000,USD
DepreciationDepletionAndAmortization,2018,Q2,2018-06-30,4589000000,USD
DepreciationDepletionAndAmortization,2019,Q2,2018-06-30,4589000000,USD
DepreciationDepletionAndAmortization,2018,Q3,2018-09-30,13717000000,USD
DepreciationDepletionAndAmortization,2019,Q3,2018-09-30,13717000000,USD
DepreciationDepletionAndAmortization,2018,Q3,2018-09-30,4658000000,USD
DepreciationDepletionAndAmortization,2019,Q3,2018-09-30,4658000000,USD
DepreciationDepletionAndAmortization,2018,FY,2018-12-31,18745000000,USD
DepreciationDepletionAndAmortization,2019,FY,2018-12-31,18745000000,USD
DepreciationDepletionAndAmortization,2020,FY,2018-12-31,18745000000,USD
DepreciationDepletionAndAmortization,2019,Q1,2019-03-31,4571000000,USD
DepreciationDepletionAndAmortization,2020,Q1,2019-03-31,4571000000,USD
DepreciationDepletionAndAmortization,2019,Q2,2019-06-30,9202000000,USD
DepreciationDepletionAndAmortization,2020,Q2,2019-06-30,9202000000,USD
DepreciationDepletionAndAmortization,2019,Q2,2019-06-30,4631000000,USD
DepreciationDepletionAndAmortization,2020,Q2,2019-06-30,4631000000,USD
DepreciationDepletionAndAmortization,2019,Q3,2019-09-30,14075000000,USD
DepreciationDepletionAndAmortization,2020,Q3,2019-09-30,14075000000,USD
DepreciationDepletionAndAmortization,2019,Q3,2019-09-30,4873000000,USD
DepreciationDepletionAndAmortization,2020,Q3,2019-09-30,4873000000,USD
DepreciationDepletionAndAmortization,2019,FY,2019-12-31,18998000000,USD
DepreciationDepletionAndAmortization,2020,FY,2019-12-31,18998000000,USD
DepreciationDepletionAndAmortization,2021,FY,2019-12-31,18998000000,USD
DepreciationDepletionAndAmortization,2020,Q1,2020-03-31,5819000000,USD
DepreciationDepletionAndAmortization,2021,Q1,2020-03-31,5819000000,USD
DepreciationDepletionAndAmortization,2020,Q2,2020-06-30,10735000000,USD
DepreciationDepletionAndAmortization,2021,Q2,2020-06-30,10735000000,USD
DepreciationDepletionAndAmortization,2020,Q2,2020-06-30,4916000000,USD
DepreciationDepletionAndAmortization,2021,Q2,2020-06-30,4916000000,USD
DepreciationDepletionAndAmortization,2020,Q3,2020-09-30,15718000000,USD
DepreciationDepletionAndAmortization,2021,Q3,2020-09-30,15718000000,USD
DepreciationDepletionAndAmortization,2020,Q3,2020-09-30,4983000000,USD
DepreciationDepletionAndAmortization,2021,Q3,2020-09-30,4983000000,USD
DepreciationDepletionAndAmortization,2020,FY,2020-12-31,46009000000,USD
DepreciationDepletionAndAmortization,2021,FY,2020-12-31,46009000000,USD
DepreciationDepletionAndAmortization,2022,FY,2020-12-31,46009000000,USD
DepreciationDepletionAndAmortization,2021,Q1,2021-03-31,5004000000,USD
DepreciationDepletionAndAmortization,2022,Q1,2021-03-31,5004000000,USD
DepreciationDepletionAndAmortization,2021,Q2,2021-06-30,9956000000,USD
DepreciationDepletionAndAmortization,2022,Q2,2021-06-30,9956000000,USD
DepreciationDepletionAndAmortization,2021,Q2,2021-06-30,4952000000,USD
DepreciationDepletionAndAmortization,2022,Q2,2021-06-30,4952000000,USD
DepreciationDepletionAndAmortization,2021,Q3,2021-09-30,14946000000,USD
DepreciationDepletionAndAmortization,2022,Q3,2021-09-30,14946000000,USD
DepreciationDepletionAndAmortization,2021,Q3,2021-09-30,4990000000,USD
DepreciationDepletionAndAmortization,2022,Q3,2021-09-30,4990000000,USD
DepreciationDepletionAndAmortization,2021,FY,2021-12-31,20607000000,USD
DepreciationDepletionAndAmortization,2022,FY,2021-12-31,20607000000,USD
DepreciationDepletionAndAmortization,2023,FY,2021-12-31,20607000000,USD
DepreciationDepletionAndAmortization,2022,Q1,2022-03-31,8883000000,USD
DepreciationDepletionAndAmortization,2023,Q1,2022-03-31,8883000000,USD
DepreciationDepletionAndAmortization,2022,Q2,2022-06-30,13334000000,USD
DepreciationDepletionAndAmortization,2023,Q2,2022-06-30,13334000000,USD
DepreciationDepletionAndAmortization,2022,Q2,2022-06-30,4451000000,USD
DepreciationDepletionAndAmortization,2023,Q2,2022-06-30,4451000000,USD
DepreciationDepletionAndAmortization,2022,Q3,2022-09-30,18976000000,USD
DepreciationDepletionAndAmortization,2023,Q3,2022-09-30,18976000000,USD
DepreciationDepletionAndAmortization,2022,Q3,2022-09-30,5642000000,USD
DepreciationDepletionAndAmortization,2023,Q3,2022-09-30,5642000000,USD
DepreciationDepletionAndAmortization,2022,FY,2022-12-31,24040000000,USD
DepreciationDepletionAndAmortization,2023,FY,2022-12-31,24040000000,USD
DepreciationDepletionAndAmortization,2024,FY,2022-12-31,24040000000,USD
DepreciationDepletionAndAmortization,2023,Q1,2023-03-31,4244000000,USD
DepreciationDepletionAndAmortization,2024,Q1,2023-03-31,4244000000,USD
DepreciationDepletionAndAmortization,2023,Q2,2023-06-30,8486000000,USD
DepreciationDepletionAndAmortization,2024,Q2,2023-06-30,8486000000,USD
DepreciationDepletionAndAmortization,2023,Q2,2023-06-30,4242000000,USD
DepreciationDepletionAndAmortization,2024,Q2,2023-06-30,4242000000,USD
DepreciationDepletionAndAmortization,2023,Q3,2023-09-30,12901000000,USD
DepreciationDepletionAndAmortization,2024,Q3,2023-09-30,12901000000,USD
DepreciationDepletionAndAmortization,2023,Q3,2023-09-30,4415000000,USD
DepreciationDepletionAndAmortization,2024,Q3,2023-09-30,4415000000,USD
DepreciationDepletionAndAmortization,2023,FY,2023-12-31,20641000000,USD
DepreciationDepletionAndAmortization,2024,FY,2023-12-31,20641000000,USD
DepreciationDepletionAndAmortization,2024,Q1,2024-03-31,4812000000,USD
DepreciationDepletionAndAmortization,2025,Q1,2024-03-31,4812000000,USD
DepreciationDepletionAndAmortization,2024,Q2,2024-06-30,10599000000,USD
DepreciationDepletionAndAmortization,2025,Q2,2024-06-30,10599000000,USD
DepreciationDepletionAndAmortization,2024,Q2,2024-06-30,5787000000,USD
DepreciationDepletionAndAmortization,2025,Q2,2024-06-30,5787000000,USD
DepreciationDepletionAndAmortization,2024,Q3,2024-09-30,16857000000,USD
DepreciationDepletionAndAmortization,2025,Q3,2024-09-30,16857000000,USD
DepreciationDepletionAndAmortization,2024,Q3,2024-09-30,6258000000,USD
DepreciationDepletionAndAmortization,2025,Q3,2024-09-30,6258000000,USD
DepreciationDepletionAndAmortization,2024,FY,2024-12-31,23442000000,USD
DepreciationDepletionAndAmortization,2025,Q1,2025-03-31,5702000000,USD
DepreciationDepletionAndAmortization,2025,Q2,2025-06-30,11803000000,USD
DepreciationDepletionAndAmortization,2025,Q2,2025-06-30,6101000000,USD
DepreciationDepletionAndAmortization,2025,Q3,2025-09-30,18278000000,USD
DepreciationDepletionAndAmortization,2025,Q3,2025-09-30,6475000000,USD
NetIncomeLoss,2009,FY,2007-12-31,40610000000,USD
NetIncomeLoss,2009,Q2,2008-06-30,22570000000,USD
NetIncomeLoss,2009,Q2,2008-06-30,11680000000,USD
NetIncomeLoss,2009,Q3,2008-09-30,37400000000,USD
NetIncomeLoss,2009,Q3,2008-09-30,14830000000,USD
NetIncomeLoss,2009,FY,2008-12-31,45220000000,USD
NetIncomeLoss,2010,FY,2008-12-31,45220000000,USD
NetIncomeLoss,2010,FY,2008-12-31,45220000000,USD
NetIncomeLoss,2010,Q1,2009-03-31,4550000000,USD
NetIncomeLoss,2009,Q2,2009-06-30,8500000000,USD
NetIncomeLoss,2010,Q2,2009-06-30,8500000000,USD
NetIncomeLoss,2009,Q2,2009-06-30,3950000000,USD
NetIncomeLoss,2010,Q2,2009-06-30,3950000000,USD
NetIncomeLoss,2009,Q3,2009-09-30,13230000000,USD
NetIncomeLoss,2010,Q3,2009-09-30,13230000000,USD
NetIncomeLoss,2009,Q3,2009-09-30,4730000000,USD
NetIncomeLoss,2010,Q3,2009-09-30,4730000000,USD
NetIncomeLoss,2009,FY,2009-12-31,19280000000,USD
NetIncomeLoss,2010,FY,2009-12-31,19280000000,USD
NetIncomeLoss,2010,FY,2009-12-31,19280000000,USD
NetIncomeLoss,2011,FY,2009-12-31,19280000000,USD
NetIncomeLoss,2010,Q1,2010-03-31,6300000000,USD
NetIncomeLoss,2011,Q1,2010-03-31,6300000000,USD
NetIncomeLoss,2010,Q2,2010-06-30,13860000000,USD
NetIncomeLoss,2011,Q2,2010-06-30,13860000000,USD
NetIncomeLoss,2010,Q2,2010-06-30,7560000000,USD
NetIncomeLoss,2011,Q2,2010-06-30,7560000000,USD
NetIncomeLoss,2010,Q3,2010-09-30,21210000000,USD
NetIncomeLoss,2011,Q3,2010-09-30,21210000000,USD
NetIncomeLoss,2010,Q3,2010-09-30,7350000000,USD
NetIncomeLoss,2011,Q3,2010-09-30,7350000000,USD
NetIncomeLoss,2010,FY,2010-12-31,30460000000,USD
NetIncomeLoss,2010,FY,2010-12-31,30460000000,USD
NetIncomeLoss,2011,FY,2010-12-31,30460000000,USD
NetIncomeLoss,2012,FY,2010-12-31,30460000000,USD
NetIncomeLoss,2011,Q1,2011-03-31,10650000000,USD
NetIncomeLoss,2012,Q1,2011-03-31,10650000000,USD
NetIncomeLoss,2011,Q2,2011-06-30,21330000000,USD
NetIncomeLoss,2012,Q2,2011-06-30,21330000000,USD
NetIncomeLoss,2011,Q2,2011-06-30,10680000000,USD
NetIncomeLoss,2012,Q2,2011-06-30,10680000000,USD
NetIncomeLoss,2011,Q3,2011-09-30,31660000000,USD
NetIncomeLoss,2012,Q3,2011-09-30,31660000000,USD
NetIncomeLoss,2011,Q3,2011-09-30,10330000000,USD
NetIncomeLoss,2012,Q3,2011-09-30,10330000000,USD
NetIncomeLoss,2011,FY,2011-12-31,41060000000,USD
NetIncomeLoss,2012,FY,2011-12-31,41060000000,USD
NetIncomeLoss,2013,FY,2011-12-31,41060000000,USD
NetIncomeLoss,2012,Q1,2012-03-31,9450000000,USD
NetIncomeLoss,2013,Q1,2012-03-31,9450000000,USD
NetIncomeLoss,2012,Q2,2012-06-30,25360000000,USD
NetIncomeLoss,2013,Q2,2012-06-30,25360000000,USD
NetIncomeLoss,2012,Q2,2012-06-30,15910000000,USD
NetIncomeLoss,2013,Q2,2012-06-30,15910000000,USD
NetIncomeLoss,2012,Q3,2012-09-30,34930000000,USD
NetIncomeLoss,2013,Q3,2012-09-30,34930000000,USD
NetIncomeLoss,2012,Q3,2012-09-30,9570000000,USD
NetIncomeLoss,2013,Q3,2012-09-30,9570000000,USD
NetIncomeLoss,2012,FY,2012-12-31,44880000000,USD
NetIncomeLoss,2013,FY,2012-12-31,44880000000,USD
NetIncomeLoss,2014,FY,2012-12-31,44880000000,USD
NetIncomeLoss,2013,Q1,2013-03-31,9500000000,USD
NetIncomeLoss,2014,Q1,2013-03-31,9500000000,USD
NetIncomeLoss,2013,Q2,2013-06-30,16360000000,USD
NetIncomeLoss,2014,Q2,2013-06-30,16360000000,USD
NetIncomeLoss,2013,Q2,2013-06-30,6860000000,USD
NetIncomeLoss,2014,Q2,2013-06-30,6860000000,USD
NetIncomeLoss,2013,Q3,2013-09-30,24230000000,USD
NetIncomeLoss,2014,Q3,2013-09-30,24230000000,USD
NetIncomeLoss,2013,Q3,2013-09-30,7870000000,USD
NetIncomeLoss,2014,Q3,2013-09-30,7870000000,USD
NetIncomeLoss,2013,FY,2013-12-31,32580000000,USD
NetIncomeLoss,2014,FY,2013-12-31,32580000000,USD
NetIncomeLoss,2015,FY,2013-12-31,32580000000,USD
NetIncomeLoss,2014,Q1,2014-03-31,9100000000,USD
NetIncomeLoss,2015,Q1,2014-03-31,9100000000,USD
NetIncomeLoss,2014,Q2,2014-06-30,17880000000,USD
NetIncomeLoss,2015,Q2,2014-06-30,17880000000,USD
NetIncomeLoss,2014,Q2,2014-06-30,8780000000,USD
NetIncomeLoss,2015,Q2,2014-06-30,8780000000,USD
NetIncomeLoss,2014,Q3,2014-09-30,25950000000,USD
NetIncomeLoss,2015,Q3,2014-09-30,25950000000,USD
NetIncomeLoss,2014,Q3,2014-09-30,8070000000,USD
NetIncomeLoss,2015,Q3,2014-09-30,8070000000,USD
NetIncomeLoss,2014,FY,2014-12-31,32520000000,USD
NetIncomeLoss,2015,FY,2014-12-31,32520000000,USD
NetIncomeLoss,2016,FY,2014-12-31,32520000000,USD
NetIncomeLoss,2015,Q1,2015-03-31,4940000000,USD
NetIncomeLoss,2016,Q1,2015-03-31,4940000000,USD
NetIncomeLoss,2015,Q2,2015-06-30,9130000000,USD
NetIncomeLoss,2016,Q2,2015-06-30,9130000000,USD
NetIncomeLoss,2015,Q2,2015-06-30,4190000000,USD
NetIncomeLoss,2016,Q2,2015-06-30,4190000000,USD
NetIncomeLoss,2015,Q3,2015-09-30,13370000000,USD
NetIncomeLoss,2016,Q3,2015-09-30,13370000000,USD
NetIncomeLoss,2015,Q3,2015-09-30,4240000000,USD
NetIncomeLoss,2016,Q3,2015-09-30,4240000000,USD
NetIncomeLoss,2015,FY,2015-12-31,16150000000,USD
NetIncomeLoss,2016,FY,2015-12-31,16150000000,USD
NetIncomeLoss,2017,FY,2015-12-31,16150000000,USD
NetIncomeLoss,2016,Q1,2016-03-31,1810000000,USD
NetIncomeLoss,2017,Q1,2016-03-31,1810000000,USD
NetIncomeLoss,2016,Q2,2016-06-30,3510000000,USD
NetIncomeLoss,2017,Q2,2016-06-30,3510000000,USD
NetIncomeLoss,2016,Q2,2016-06-30,1700000000,USD
NetIncomeLoss,2017,Q2,2016-06-30,1700000000,USD
NetIncomeLoss,2016,Q3,2016-09-30,6160000000,USD
NetIncomeLoss,2017,Q3,2016-09-30,6160000000,USD
NetIncomeLoss,2016,Q3,2016-09-30,2650000000,USD
NetIncomeLoss,2017,Q3,2016-09-30,2650000000,USD
NetIncomeLoss,2016,FY,2016-12-31,7840000000,USD
NetIncomeLoss,2017,FY,2016-12-31,7840000000,USD
NetIncomeLoss,2018,FY,2016-12-31,7840000000,USD
NetIncomeLoss,2017,Q1,2017-03-31,4010000000,USD
NetIncomeLoss,2018,Q1,2017-03-31,4010000000,USD
NetIncomeLoss,2017,Q2,2017-06-30,7360000000,USD
NetIncomeLoss,2018,Q2,2017-06-30,7360000000,USD
NetIncomeLoss,2017,Q2,2017-06-30,3350000000,USD
NetIncomeLoss,2018,Q2,2017-06-30,3350000000,USD
NetIncomeLoss,2017,Q3,2017-09-30,11330000000,USD
NetIncomeLoss,2018,Q3,2017-09-30,11330000000,USD
NetIncomeLoss,2017,Q3,2017-09-30,3970000000,USD
NetIncomeLoss,2018,Q3,2017-09-30,3970000000,USD
NetIncomeLoss,2017,FY,2017-12-31,19710000000,USD
NetIncomeLoss,2018,FY,2017-12-31,19710000000,USD
NetIncomeLoss,2019,FY,2017-12-31,19710000000,USD
NetIncomeLoss,2018,Q1,2018-03-31,4650000000,USD
NetIncomeLoss,2019,Q1,2018-03-31,4650000000,USD
NetIncomeLoss,2018,Q2,2018-06-30,8600000000,USD
NetIncomeLoss,2019,Q2,2018-06-30,8600000000,USD
NetIncomeLoss,2018,Q2,2018-06-30,3950000000,USD
NetIncomeLoss,2019,Q2,2018-06-30,3950000000,USD
NetIncomeLoss,2018,Q3,2018-09-30,14840000000,USD
NetIncomeLoss,2019,Q3,2018-09-30,14840000000,USD
NetIncomeLoss,2018,Q3,2018-09-30,6240000000,USD
NetIncomeLoss,2019,Q3,2018-09-30,6240000000,USD
NetIncomeLoss,2018,FY,2018-12-31,20840000000,USD
NetIncomeLoss,2019,FY,2018-12-31,20840000000,USD
NetIncomeLoss,2020,FY,2018-12-31,20840000000,USD
NetIncomeLoss,2019,Q1,2019-03-31,2350000000,USD
NetIncomeLoss,2020,Q1,2019-03-31,2350000000,USD
NetIncomeLoss,2019,Q2,2019-06-30,5480000000,USD
NetIncomeLoss,2020,Q2,2019-06-30,5480000000,USD
NetIncomeLoss,2019,Q2,2019-06-30,3130000000,USD
NetIncomeLoss,2020,Q2,2019-06-30,3130000000,USD
NetIncomeLoss,2019,Q3,2019-09-30,8650000000,USD
NetIncomeLoss,2020,Q3,2019-09-30,8650000000,USD
NetIncomeLoss,2019,Q3,2019-09-30,3170000000,USD
NetIncomeLoss,2020,Q3,2019-09-30,3170000000,USD
NetIncomeLoss,2019,FY,2019-12-31,14340000000,USD
NetIncomeLoss,2020,FY,2019-12-31,14340000000,USD
NetIncomeLoss,2021,FY,2019-12-31,14340000000,USD
NetIncomeLoss,2020,Q1,2020-03-31,-610000000,USD
NetIncomeLoss,2021,Q1,2020-03-31,-610000000,USD
NetIncomeLoss,2020,Q2,2020-06-30,-1690000000,USD
NetIncomeLoss,2021,Q2,2020-06-30,-1690000000,USD
NetIncomeLoss,2020,Q2,2020-06-30,-1080000000,USD
NetIncomeLoss,2021,Q2,2020-06-30,-1080000000,USD
NetIncomeLoss,2020,Q3,2020-09-30,-2370000000,USD
NetIncomeLoss,2021,Q3,2020-09-30,-2370000000,USD
NetIncomeLoss,2020,Q3,2020-09-30,-680000000,USD
NetIncomeLoss,2021,Q3,2020-09-30,-680000000,USD
NetIncomeLoss,2020,FY,2020-12-31,-22440000000,USD
NetIncomeLoss,2021,FY,2020-12-31,-22440000000,USD
NetIncomeLoss,2022,FY,2020-12-31,-22440000000,USD
NetIncomeLoss,2021,Q1,2021-03-31,2730000000,USD
NetIncomeLoss,2022,Q1,2021-03-31,2730000000,USD
NetIncomeLoss,2021,Q2,2021-06-30,7420000000,USD
NetIncomeLoss,2022,Q2,2021-06-30,7420000000,USD
NetIncomeLoss,2021,Q2,2021-06-30,4690000000,USD
NetIncomeLoss,2022,Q2,2021-06-30,4690000000,USD
NetIncomeLoss,2021,Q3,2021-09-30,14170000000,USD
NetIncomeLoss,2022,Q3,2021-09-30,14170000000,USD
NetIncomeLoss,2021,Q3,2021-09-30,6750000000,USD
NetIncomeLoss,2022,Q3,2021-09-30,6750000000,USD
NetIncomeLoss,2021,FY,2021-12-31,23040000000,USD
NetIncomeLoss,2022,FY,2021-12-31,23040000000,USD
NetIncomeLoss,2023,FY,2021-12-31,23040000000,USD
NetIncomeLoss,2022,Q1,2022-03-31,5480000000,USD
NetIncomeLoss,2023,Q1,2022-03-31,5480000000,USD
NetIncomeLoss,2022,Q2,2022-06-30,23330000000,USD
NetIncomeLoss,2023,Q2,2022-06-30,23330000000,USD
NetIncomeLoss,2022,Q2,2022-06-30,17850000000,USD
NetIncomeLoss,2023,Q2,2022-06-30,17850000000,USD
NetIncomeLoss,2022,Q3,2022-09-30,42990000000,USD
NetIncomeLoss,2023,Q3,2022-09-30,42990000000,USD
NetIncomeLoss,2022,Q3,2022-09-30,19660000000,USD
NetIncomeLoss,2023,Q3,2022-09-30,19660000000,USD
NetIncomeLoss,2022,FY,2022-12-31,55740000000,USD
NetIncomeLoss,2023,FY,2022-12-31,55740000000,USD
NetIncomeLoss,2024,FY,2022-12-31,55740000000,USD
NetIncomeLoss,2023,Q1,2023-03-31,11430000000,USD
NetIncomeLoss,2024,Q1,2023-03-31,11430000000,USD
NetIncomeLoss,2023,Q2,2023-06-30,19310000000,USD
NetIncomeLoss,2024,Q2,2023-06-30,19310000000,USD
NetIncomeLoss,2023,Q2,2023-06-30,7880000000,USD
NetIncomeLoss,2024,Q2,2023-06-30,7880000000,USD
NetIncomeLoss,2023,Q3,2023-09-30,28380000000,USD
NetIncomeLoss,2024,Q3,2023-09-30,28380000000,USD
NetIncomeLoss,2023,Q3,2023-09-30,9070000000,USD
NetIncomeLoss,2024,Q3,2023-09-30,9070000000,USD
NetIncomeLoss,2023,FY,2023-12-31,36010000000,USD
NetIncomeLoss,2024,FY,2023-12-31,36010000000,USD
NetIncomeLoss,2024,Q1,2024-03-31,8220000000,USD
NetIncomeLoss,2025,Q1,2024-03-31,8220000000,USD
NetIncomeLoss,2024,Q2,2024-06-30,17460000000,USD
NetIncomeLoss,2025,Q2,2024-06-30,17460000000,USD
NetIncomeLoss,2024,Q2,2024-06-30,9240000000,USD
NetIncomeLoss,2025,Q2,2024-06-30,9240000000,USD
NetIncomeLoss,2024,Q3,2024-09-30,26070000000,USD
NetIncomeLoss,2025,Q3,2024-09-30,26070000000,USD
NetIncomeLoss,2024,Q3,2024-09-30,8610000000,USD
NetIncomeLoss,2025,Q3,2024-09-30,8610000000,USD
NetIncomeLoss,2024,FY,2024-12-31,33680000000,USD
NetIncomeLoss,2025,Q1,2025-03-31,7713000000,USD
NetIncomeLoss,2025,Q2,2025-06-30,14795000000,USD
NetIncomeLoss,2025,Q2,2025-06-30,7082000000,USD
NetIncomeLoss,2025,Q3,2025-09-30,22343000000,USD
NetIncomeLoss,2025,Q3,2025-09-30,7548000000,USD
Revenues,2011,FY,2009-12-31,301500000000,USD
Revenues,2011,FY,2010-12-31,370125000000,USD
Revenues,2012,FY,2010-12-31,370125000000,USD
Revenues,2011,FY,2011-12-31,467029000000,USD
Revenues,2012,FY,2011-12-31,467029000000,USD
Revenues,2013,FY,2011-12-31,467029000000,USD
Revenues,2012,FY,2012-12-31,453123000000,USD
Revenues,2013,FY,2012-12-31,451509000000,USD
Revenues,2014,FY,2012-12-31,451509000000,USD
Revenues,2013,FY,2013-12-31,420836000000,USD
Revenues,2014,FY,2013-12-31,420836000000,USD
Revenues,2015,FY,2013-12-31,420836000000,USD
Revenues,2014,FY,2014-12-31,394105000000,USD
Revenues,2015,FY,2014-12-31,394105000000,USD
Revenues,2016,FY,2014-12-31,394105000000,USD
Revenues,2015,FY,2015-12-31,259488000000,USD
Revenues,2016,FY,2015-12-31,259488000000,USD
Revenues,2017,FY,2015-12-31,239854000000,USD
Revenues,2016,FY,2016-12-31,218608000000,USD
Revenues,2017,FY,2016-12-31,200628000000,USD
Revenues,2018,FY,2016-12-31,200628000000,USD
Revenues,2018,Q1,2017-03-31,56474000000,USD
Revenues,2018,Q2,2017-06-30,112500000000,USD
Revenues,2018,Q2,2017-06-30,56026000000,USD
Revenues,2018,Q3,2017-09-30,171850000000,USD
Revenues,2018,Q3,2017-09-30,59350000000,USD
Revenues,2017,FY,2017-12-31,237162000000,USD
Revenues,2018,FY,2017-12-31,237162000000,USD
Revenues,2019,FY,2017-12-31,244363000000,USD
Revenues,2018,Q1,2018-03-31,65436000000,USD
Revenues,2019,Q1,2018-03-31,65436000000,USD
Revenues,2018,Q2,2018-06-30,136892000000,USD
Revenues,2019,Q2,2018-06-30,136892000000,USD
Revenues,2018,Q2,2018-06-30,71456000000,USD
Revenues,2019,Q2,2018-06-30,71456000000,USD
Revenues,2018,Q3,2018-09-30,211079000000,USD
Revenues,2019,Q3,2018-09-30,218317000000,USD
Revenues,2018,Q3,2018-09-30,74187000000,USD
Revenues,2019,Q3,2018-09-30,76605000000,USD
Revenues,2018,FY,2018-12-31,279332000000,USD
Revenues,2019,FY,2018-12-31,290212000000,USD
Revenues,2020,FY,2018-12-31,290212000000,USD
Revenues,2019,Q1,2019-03-31,61646000000,USD
Revenues,2020,Q1,2019-03-31,63625000000,USD
Revenues,2019,Q2,2019-06-30,129137000000,USD
Revenues,2020,Q2,2019-06-30,132716000000,USD
Revenues,2019,Q2,2019-06-30,67491000000,USD
Revenues,2020,Q2,2019-06-30,69091000000,USD
Revenues,2019,Q3,2019-09-30,197765000000,USD
Revenues,2020,Q3,2019-09-30,197765000000,USD
Revenues,2019,Q3,2019-09-30,65049000000,USD
Revenues,2020,Q3,2019-09-30,65049000000,USD
Revenues,2019,FY,2019-12-31,264938000000,USD
Revenues,2020,FY,2019-12-31,264938000000,USD
Revenues,2021,FY,2019-12-31,264938000000,USD
Revenues,2020,Q1,2020-03-31,56158000000,USD
Revenues,2021,Q1,2020-03-31,56158000000,USD
Revenues,2020,Q2,2020-06-30,88763000000,USD
Revenues,2021,Q2,2020-06-30,88763000000,USD
Revenues,2020,Q2,2020-06-30,32605000000,USD
Revenues,2021,Q2,2020-06-30,32605000000,USD
Revenues,2020,Q3,2020-09-30,134962000000,USD
Revenues,2021,Q3,2020-09-30,134962000000,USD
Revenues,2020,Q3,2020-09-30,46199000000,USD
Revenues,2021,Q3,2020-09-30,46199000000,USD
Revenues,2020,FY,2020-12-31,181502000000,USD
Revenues,2021,FY,2020-12-31,181502000000,USD
Revenues,2022,FY,2020-12-31,181502000000,USD
Revenues,2021,Q1,2021-03-31,59147000000,USD
Revenues,2022,Q1,2021-03-31,59147000000,USD
Revenues,2021,Q2,2021-06-30,126889000000,USD
Revenues,2022,Q2,2021-06-30,126889000000,USD
Revenues,2021,Q2,2021-06-30,67742000000,USD
Revenues,2022,Q2,2021-06-30,67742000000,USD
Revenues,2021,Q3,2021-09-30,200675000000,USD
Revenues,2022,Q3,2021-09-30,200675000000,USD
Revenues,2021,Q3,2021-09-30,73786000000,USD
Revenues,2022,Q3,2021-09-30,73786000000,USD
Revenues,2021,FY,2021-12-31,285640000000,USD
Revenues,2022,FY,2021-12-31,285640000000,USD
Revenues,2023,FY,2021-12-31,285640000000,USD
Revenues,2022,Q1,2022-03-31,90500000000,USD
Revenues,2023,Q1,2022-03-31,90500000000,USD
Revenues,2022,Q2,2022-06-30,206181000000,USD
Revenues,2023,Q2,2022-06-30,206181000000,USD
Revenues,2022,Q2,2022-06-30,115681000000,USD
Revenues,2023,Q2,2022-06-30,115681000000,USD
Revenues,2022,Q3,2022-09-30,318251000000,USD
Revenues,2023,Q3,2022-09-30,318251000000,USD
Revenues,2022,Q3,2022-09-30,112070000000,USD
Revenues,2023,Q3,2022-09-30,112070000000,USD
Revenues,2022,FY,2022-12-31,413680000000,USD
Revenues,2023,FY,2022-12-31,413680000000,USD
Revenues,2024,FY,2022-12-31,413680000000,USD
Revenues,2023,Q1,2023-03-31,86564000000,USD
Revenues,2024,Q1,2023-03-31,86564000000,USD
Revenues,2023,Q2,2023-06-30,169478000000,USD
Revenues,2024,Q2,2023-06-30,169478000000,USD
Revenues,2023,Q2,2023-06-30,82914000000,USD
Revenues,2024,Q2,2023-06-30,82914000000,USD
Revenues,2023,Q3,2023-09-30,260238000000,USD
Revenues,2024,Q3,2023-09-30,260238000000,USD
Revenues,2023,Q3,2023-09-30,90760000000,USD
Revenues,2024,Q3,2023-09-30,90760000000,USD
Revenues,2023,FY,2023-12-31,344582000000,USD
Revenues,2024,FY,2023-12-31,344582000000,USD
Revenues,2024,Q1,2024-03-31,83083000000,USD
Revenues,2025,Q1,2024-03-31,83083000000,USD
Revenues,2024,Q2,2024-06-30,176143000000,USD
Revenues,2025,Q2,2024-06-30,176143000000,USD
Revenues,2024,Q2,2024-06-30,93060000000,USD
Revenues,2025,Q2,2024-06-30,93060000000,USD
Revenues,2024,Q3,2024-09-30,266159000000,USD
Revenues,2025,Q3,2024-09-30,266159000000,USD
Revenues,2024,Q3,2024-09-30,90016000000,USD
Revenues,2025,Q3,2024-09-30,90016000000,USD
Revenues,2024,FY,2024-12-31,349585000000,USD
Revenues,2025,Q1,2025-03-31,83130000000,USD
Revenues,2025,Q2,2025-06-30,164636000000,USD
Revenues,2025,Q2,2025-06-30,81506000000,USD
Revenues,2025,Q3,2025-09-30,249930000000,USD
Revenues,2025,Q3,2025-09-30,85294000000,USD
